<?xml version = '1.0' encoding = 'UTF-8'?>
<Relation class="oracle.dbtools.crest.model.design.logical.Relation" name="Relation_2" directorySegmentName="seg_0" id="AEC7E6CC-3BA5-31AD-9E48-209533F10D95">
<createdBy>logonrmlocal</createdBy>
<createdTime>2023-05-16 22:43:48 UTC</createdTime>
<ownerDesignName>logical </ownerDesignName>
<engineerTo>
<item key="B615D8CE-5625-6C48-C944-A8D422FD2FAD" value="true"/>
</engineerTo>
<sourcePk>AF9E236B-C476-D6D8-0902-099F9C6AF8BB</sourcePk>
<identifying>false</identifying>
<optionalSource>true</optionalSource>
<optionalTarget>false</optionalTarget>
<sourceCardinality>1</sourceCardinality>
<sourceEntity>9C2B336B-B3BA-A111-813A-71DF9BB87837</sourceEntity>
<targetCardinalityString>*</targetCardinalityString>
<targetEntity>98575E04-9012-06B0-6AFB-B24E1394D787</targetEntity>
<transferable>true</transferable>
<deleteRule>NO ACTION</deleteRule>
</Relation>