<?xml version = '1.0' encoding = 'UTF-8'?>
<Entity class="oracle.dbtools.crest.model.design.logical.Entity" directorySegmentName="seg_0" id="7824B2BE-1AA8-F42E-2174-AD7E69CE6BC6" name="T_INSIGHTIA_INSIGHT">
<createdBy>logonrmlocal</createdBy>
<createdTime>2023-04-06 00:23:13 UTC</createdTime>
<ownerDesignName>logical </ownerDesignName>
<engineerTo>
<item key="B615D8CE-5625-6C48-C944-A8D422FD2FAD" value="true"/>
</engineerTo>
<adequatelyNormalized>NO</adequatelyNormalized>
<expectedVolumes>0</expectedVolumes>
<fwdEngineeringStrategyName>Single Table</fwdEngineeringStrategyName>
<growthPercent>0</growthPercent>
<growthType>Year</growthType>
<maxVolumes>9999999</maxVolumes>
<minVolumes>0</minVolumes>
<normalForm>Third</normalForm>
<attributes itemClass="oracle.dbtools.crest.model.design.logical.Attribute">
<Attribute name="ID_INSIGHT" id="52A17679-18CD-A591-6E43-8E2C94D5B249">
<createdBy>logonrmlocal</createdBy>
<createdTime>2023-04-06 00:23:32 UTC</createdTime>
<ownerDesignName>logical </ownerDesignName>
<engineerTo>
<item key="B615D8CE-5625-6C48-C944-A8D422FD2FAD" value="true"/>
</engineerTo>
<useDomainConstraints>false</useDomainConstraints>
<use>1</use>
<logicalDatatype>LOGDT019</logicalDatatype>
<dataTypePrecision>9</dataTypePrecision>
<ownDataTypeParameters>,9,</ownDataTypeParameters>
</Attribute>
<Attribute name="ID_ANUNCIO" id="6EDFD0BB-9DD8-BE66-A783-14BB76F88864">
<createdBy>logonrmlocal</createdBy>
<createdTime>2023-05-16 22:44:23 UTC</createdTime>
<generatorID>F5462BE0-BB00-C49D-33C6-A592E0F197D3</generatorID>
<ownerDesignName>logical </ownerDesignName>
<engineerTo>
<item key="B615D8CE-5625-6C48-C944-A8D422FD2FAD" value="true"/>
</engineerTo>
<referedAttribute>7DA3ECC5-19AB-9E54-BEC2-D3B8FC2574E1</referedAttribute>
<useDomainConstraints>false</useDomainConstraints>
<use>1</use>
<logicalDatatype>LOGDT019</logicalDatatype>
<dataTypePrecision>9</dataTypePrecision>
<ownDataTypeParameters>,,</ownDataTypeParameters>
</Attribute>
<Attribute name="DS_CONTEUDO" id="6CC80395-FED4-AF5F-722C-128BFDC41E0E">
<createdBy>logonrmlocal</createdBy>
<createdTime>2023-04-06 00:24:09 UTC</createdTime>
<ownerDesignName>logical </ownerDesignName>
<engineerTo>
<item key="B615D8CE-5625-6C48-C944-A8D422FD2FAD" value="true"/>
</engineerTo>
<useDomainConstraints>false</useDomainConstraints>
<use>1</use>
<logicalDatatype>LOGDT024</logicalDatatype>
<dataTypeSize>30</dataTypeSize>
<ownDataTypeParameters>30,,</ownDataTypeParameters>
</Attribute>
<Attribute name="FT_IMAGE" id="3C27AB6A-D3B9-54E8-219B-B5290BB8649A">
<createdBy>logonrmlocal</createdBy>
<createdTime>2023-04-06 00:24:31 UTC</createdTime>
<ownerDesignName>logical </ownerDesignName>
<engineerTo>
<item key="B615D8CE-5625-6C48-C944-A8D422FD2FAD" value="true"/>
</engineerTo>
<useDomainConstraints>false</useDomainConstraints>
<use>1</use>
<logicalDatatype>LOGDT029</logicalDatatype>
<ownDataTypeParameters>,,</ownDataTypeParameters>
</Attribute>
</attributes>
<identifiers itemClass="oracle.dbtools.crest.model.design.logical.CandidateKey">
<identifier id="5AAD39E6-3A70-1296-3518-A4900CA02A26" name="PK_T_INSIGHTIA_INSIGHT">
<createdBy>logonrmlocal</createdBy>
<createdTime>2023-04-06 00:23:43 UTC</createdTime>
<ownerDesignName>logical </ownerDesignName>
<engineerTo>
<item key="B615D8CE-5625-6C48-C944-A8D422FD2FAD" value="true"/>
</engineerTo>
<pk>true</pk>
<newElementsIDs>52A17679-18CD-A591-6E43-8E2C94D5B249</newElementsIDs>
<usedAttributes>
<attributeRef>52A17679-18CD-A591-6E43-8E2C94D5B249</attributeRef>
</usedAttributes>
</identifier>
</identifiers>
</Entity>