<?xml version = '1.0' encoding = 'UTF-8'?>
<Diagram class="oracle.dbtools.crest.swingui.logical.DPVLogical" name="Logical" id="EB289E3B-BF2B-0B1D-1746-4A65F9B993E3">
<createdBy>logonrmlocal</createdBy>
<modifiedBy>logonrmlocal</modifiedBy>
<createdTime>2023-04-05 22:41:48 UTC</createdTime>
<autoRoute>false</autoRoute>
<boxInbox>true</boxInbox>
<showLegend>false</showLegend>
<showLabels>false</showLabels>
<showRelAttributes>false</showRelAttributes>
<gridEnabled>false</gridEnabled>
<showGrid>false</showGrid>
<diagramColor>-1</diagramColor>
<display>false</display>
<notation>2</notation>
<objectViews>
<OView class="oracle.dbtools.crest.swingui.logical.TVEntity" oid="3264F7A7-7E7A-E206-8902-FB6FD96F82E4" otype="Entity" vid="601E915F-2990-17AF-341D-5D450280F6FD">
<hideElementsInCurrentOnly>false</hideElementsInCurrentOnly>
<bounds x="894" y="46" width="274" height="106"/>
</OView>
<OView class="oracle.dbtools.crest.swingui.logical.TVEntity" oid="5E11ED15-2A2A-D55E-81E8-E9ED0C036CF3" otype="Entity" vid="B56BFDE7-C8F7-5E58-1904-75FA89395B04">
<hideElementsInCurrentOnly>false</hideElementsInCurrentOnly>
<bounds x="59" y="308" width="293" height="151"/>
</OView>
<OView class="oracle.dbtools.crest.swingui.logical.TVEntity" oid="7824B2BE-1AA8-F42E-2174-AD7E69CE6BC6" otype="Entity" vid="ACD03913-A356-8B06-252C-AD37D4A01A1C">
<hideElementsInCurrentOnly>false</hideElementsInCurrentOnly>
<bounds x="812" y="277" width="251" height="120"/>
</OView>
<OView class="oracle.dbtools.crest.swingui.logical.TVEntity" oid="98575E04-9012-06B0-6AFB-B24E1394D787" otype="Entity" vid="0BC3F6FF-2185-58C0-58B9-836C5534732A">
<hideElementsInCurrentOnly>false</hideElementsInCurrentOnly>
<bounds x="470" y="38" width="238" height="120"/>
</OView>
<OView class="oracle.dbtools.crest.swingui.logical.TVEntity" oid="9C2B336B-B3BA-A111-813A-71DF9BB87837" otype="Entity" vid="C1889799-91F5-C844-4283-E6585B5A8386">
<hideElementsInCurrentOnly>false</hideElementsInCurrentOnly>
<bounds x="48" y="44" width="319" height="154"/>
</OView>
</objectViews>
<connectors>
<Connector class="oracle.dbtools.crest.swingui.logical.TVRelation" oid="AEC7E6CC-3BA5-31AD-9E48-209533F10D95" otype="Relation" vid_source="C1889799-91F5-C844-4283-E6585B5A8386" vid_target="0BC3F6FF-2185-58C0-58B9-836C5534732A">
<hideElementsInCurrentOnly>false</hideElementsInCurrentOnly>
<backgroundColor>-16777216</backgroundColor>
<lineWidth>1</lineWidth>
<points>
<point x="367" y="116"/>
<point x="470" y="116"/>
</points>
</Connector>
<Connector class="oracle.dbtools.crest.swingui.logical.TVRelation" oid="B3B896C7-E914-B841-E064-61DF5A5ED25E" otype="Relation" vid_source="0BC3F6FF-2185-58C0-58B9-836C5534732A" vid_target="601E915F-2990-17AF-341D-5D450280F6FD">
<hideElementsInCurrentOnly>false</hideElementsInCurrentOnly>
<backgroundColor>-16777216</backgroundColor>
<lineWidth>1</lineWidth>
<points>
<point x="708" y="99"/>
<point x="894" y="99"/>
</points>
</Connector>
<Connector class="oracle.dbtools.crest.swingui.logical.TVRelation" oid="DB91A53B-DC1C-5572-B280-87527A2D83EC" otype="Relation" vid_source="C1889799-91F5-C844-4283-E6585B5A8386" vid_target="B56BFDE7-C8F7-5E58-1904-75FA89395B04">
<hideElementsInCurrentOnly>false</hideElementsInCurrentOnly>
<backgroundColor>-16777216</backgroundColor>
<lineWidth>1</lineWidth>
<points>
<point x="205" y="198"/>
<point x="205" y="308"/>
</points>
</Connector>
<Connector class="oracle.dbtools.crest.swingui.logical.TVRelation" oid="F5462BE0-BB00-C49D-33C6-A592E0F197D3" otype="Relation" vid_source="0BC3F6FF-2185-58C0-58B9-836C5534732A" vid_target="ACD03913-A356-8B06-252C-AD37D4A01A1C">
<hideElementsInCurrentOnly>false</hideElementsInCurrentOnly>
<backgroundColor>-16777216</backgroundColor>
<lineWidth>1</lineWidth>
<points>
<point x="580" y="158"/>
<point x="580" y="325"/>
<point x="812" y="325"/>
</points>
</Connector>
</connectors>
</Diagram>