<?xml version = '1.0' encoding = 'UTF-8'?>
<Table class="oracle.dbtools.crest.model.design.relational.Table" directorySegmentName="seg_0" id="327622A7-F55C-87C3-47BE-BF75233E0F45" name="T_INSIGHTIA_USUARIO">
<createdBy>logonrmlocal</createdBy>
<createdTime>2023-05-16 23:07:06 UTC</createdTime>
<generatorID>9C2B336B-B3BA-A111-813A-71DF9BB87837</generatorID>
<ownerDesignName>logical </ownerDesignName>
<allowColumnReorder>false</allowColumnReorder>
<existDependencyGenerateInDDl>true</existDependencyGenerateInDDl>
<parsed>true</parsed>
<columns itemClass="oracle.dbtools.crest.model.design.relational.Column">
<Column name="ID_USUARIO" id="0AEC76A3-D8E9-692A-A18F-E9C97BD94DC3">
<createdBy>logonrmlocal</createdBy>
<createdTime>2023-05-16 23:07:06 UTC</createdTime>
<generatorID>FFD93EEA-4CDC-F71E-C0F3-2A155BF7D8FA</generatorID>
<ownerDesignName>logical </ownerDesignName>
<useDomainConstraints>false</useDomainConstraints>
<use>1</use>
<logicalDatatype>LOGDT019</logicalDatatype>
<dataTypePrecision>9</dataTypePrecision>
<ownDataTypeParameters>,9,</ownDataTypeParameters>
<autoIncrementCycle>false</autoIncrementCycle>
</Column>
<Column name="DS_EMAIL" id="18C4CEE8-5B40-F153-0E41-46749302F4E5">
<createdBy>logonrmlocal</createdBy>
<createdTime>2023-05-16 23:07:06 UTC</createdTime>
<generatorID>A948F6D3-F099-2868-FD1F-E45C0D6E4354</generatorID>
<ownerDesignName>logical </ownerDesignName>
<useDomainConstraints>false</useDomainConstraints>
<use>1</use>
<logicalDatatype>LOGDT024</logicalDatatype>
<dataTypeSize>50</dataTypeSize>
<ownDataTypeParameters>50,,</ownDataTypeParameters>
<autoIncrementCycle>false</autoIncrementCycle>
</Column>
<Column name="NM_USUARIO" id="BED6F5DA-8F28-9C4A-0F7A-1673D9DA8710">
<createdBy>logonrmlocal</createdBy>
<createdTime>2023-05-16 23:07:06 UTC</createdTime>
<generatorID>AE1DA42B-CD75-A668-4D40-AE989A403D9F</generatorID>
<ownerDesignName>logical </ownerDesignName>
<useDomainConstraints>false</useDomainConstraints>
<use>1</use>
<logicalDatatype>LOGDT024</logicalDatatype>
<dataTypeSize>40</dataTypeSize>
<ownDataTypeParameters>40,,</ownDataTypeParameters>
<autoIncrementCycle>false</autoIncrementCycle>
</Column>
<Column name="DS_SENHA" id="027CC777-3BAE-0830-A1DA-74F8D9EAAA64">
<createdBy>logonrmlocal</createdBy>
<createdTime>2023-05-16 23:07:06 UTC</createdTime>
<generatorID>E735A2E9-2922-C33C-BAEE-0016AAD3B1C7</generatorID>
<ownerDesignName>logical </ownerDesignName>
<useDomainConstraints>false</useDomainConstraints>
<use>1</use>
<logicalDatatype>LOGDT024</logicalDatatype>
<dataTypeSize>20</dataTypeSize>
<ownDataTypeParameters>20,,</ownDataTypeParameters>
<autoIncrementCycle>false</autoIncrementCycle>
</Column>
<Column name="NR_SALDO" id="5984747C-040B-16D1-1EA1-ED32FEFD5279">
<createdBy>logonrmlocal</createdBy>
<createdTime>2023-05-16 23:07:06 UTC</createdTime>
<generatorID>0DEE19E6-8A5B-F0B9-6FE9-117CE0B872BB</generatorID>
<ownerDesignName>logical </ownerDesignName>
<useDomainConstraints>false</useDomainConstraints>
<use>1</use>
<logicalDatatype>LOGDT019</logicalDatatype>
<dataTypePrecision>9</dataTypePrecision>
<dataTypeScale>2</dataTypeScale>
<ownDataTypeParameters>,9,2</ownDataTypeParameters>
<autoIncrementCycle>false</autoIncrementCycle>
</Column>
</columns>
<indexes itemClass="oracle.dbtools.crest.model.design.relational.Index">
<ind_PK_UK id="2CBE9892-5DCC-4862-33FD-CA1E0F104FCB" name="PK_T_INSIGHTIA_USUARIO">
<createdBy>logonrmlocal</createdBy>
<createdTime>2023-05-16 23:07:06 UTC</createdTime>
<generatorID>AF9E236B-C476-D6D8-0902-099F9C6AF8BB</generatorID>
<ownerDesignName>logical </ownerDesignName>
<pk>true</pk>
<indexState>Primary Constraint</indexState>
<isSurrogateKey>false</isSurrogateKey>
<indexColumnUsage>
<colUsage columnID="0AEC76A3-D8E9-692A-A18F-E9C97BD94DC3"/>
</indexColumnUsage>
</ind_PK_UK>
<ind_PK_UK id="670DCD67-3691-65CF-2555-8EEEF73A325C" name="UK_USUARIO_EMAIL">
<createdBy>logonrmlocal</createdBy>
<createdTime>2023-05-16 23:07:06 UTC</createdTime>
<generatorID>0B4A5B6E-8CDF-938C-CCA3-324E28912144</generatorID>
<ownerDesignName>logical </ownerDesignName>
<indexState>Unique Constraint</indexState>
<isSurrogateKey>false</isSurrogateKey>
<indexColumnUsage>
<colUsage columnID="18C4CEE8-5B40-F153-0E41-46749302F4E5"/>
</indexColumnUsage>
</ind_PK_UK>
<ind_PK_UK id="58F0202D-672F-8E99-47FB-C08249CCD667" name="UK_NM_USUARIO">
<createdBy>logonrmlocal</createdBy>
<createdTime>2023-05-16 23:07:06 UTC</createdTime>
<generatorID>DE060782-D881-15D3-C7F8-009D0C4FC397</generatorID>
<ownerDesignName>logical </ownerDesignName>
<indexState>Unique Constraint</indexState>
<isSurrogateKey>false</isSurrogateKey>
<indexColumnUsage>
<colUsage columnID="BED6F5DA-8F28-9C4A-0F7A-1673D9DA8710"/>
</indexColumnUsage>
</ind_PK_UK>
</indexes>
</Table>